Product ID,Product Name,Category,Price,Discount,Rating,Number of Reviews,Availability,Product URL,Product Name Lower,Product Name Upper,Product Name Length,Product Name Word Count,final_price,total_estimated_revenue,average_score,Price Band,Rating Category,Hot Pick
A-LIGHT-IN-THE-ATTIC-1000,A Light in the Attic,Books,51.77,0.0,3,0,In stock,https://books.toscrape.com/catalogue/a-light-in-the-attic_1000/index.html,a light in the attic,A LIGHT IN THE ATTIC,20,5,51.77,0.0,3.0,High,Good,False
TIPPING-THE-VELVET-999,Tipping the Velvet,Books,53.74,0.0,1,0,In stock,https://books.toscrape.com/catalogue/tipping-the-velvet_999/index.html,tipping the velvet,TIPPING THE VELVET,18,3,53.74,0.0,1.0,High,Low,False
SOUMISSION-998,Soumission,Books,50.1,0.0,1,0,In stock,https://books.toscrape.com/catalogue/soumission_998/index.html,soumission,SOUMISSION,10,1,50.1,0.0,1.0,High,Low,False
SHARP-OBJECTS-997,Sharp Objects,Books,47.82,0.0,4,0,In stock,https://books.toscrape.com/catalogue/sharp-objects_997/index.html,sharp objects,SHARP OBJECTS,13,2,47.82,0.0,4.0,Medium,Excellent,True
SAPIENS-A-BRIEF-HISTORY-OF-HUMANKIND-996,Sapiens: A Brief History of Humankind,Books,54.23,0.0,5,0,In stock,https://books.toscrape.com/catalogue/sapiens-a-brief-history-of-humankind_996/index.html,sapiens: a brief history of humankind,SAPIENS: A BRIEF HISTORY OF HUMANKIND,37,6,54.23,0.0,5.0,High,Excellent,True
THE-REQUIEM-RED-995,The Requiem Red,Books,22.65,0.0,1,0,In stock,https://books.toscrape.com/catalogue/the-requiem-red_995/index.html,the requiem red,THE REQUIEM RED,15,3,22.65,0.0,1.0,Medium,Low,False
THE-DIRTY-LITTLE-SECRETS-OF-GETTING-YOUR-DREAM-JOB-994,The Dirty Little Secrets of Getting Your Dream Job,Books,33.34,0.0,4,0,In stock,https://books.toscrape.com/catalogue/the-dirty-little-secrets-of-getting-your-dream-job_994/index.html,the dirty little secrets of getting your dream job,THE DIRTY LITTLE SECRETS OF GETTING YOUR DREAM JOB,50,9,33.34,0.0,4.0,Medium,Excellent,True
THE-COMING-WOMAN-A-NOVEL-BASED-ON-THE-LIFE-OF-THE-INFAMOUS-FEMINIST-VICTORIA-WOODHULL-993,"The Coming Woman: A Novel Based on the Life of the Infamous Feminist, Victoria Woodhull",Books,17.93,0.0,3,0,In stock,https://books.toscrape.com/catalogue/the-coming-woman-a-novel-based-on-the-life-of-the-infamous-feminist-victoria-woodhull_993/index.html,"the coming woman: a novel based on the life of the infamous feminist, victoria woodhull","THE COMING WOMAN: A NOVEL BASED ON THE LIFE OF THE INFAMOUS FEMINIST, VICTORIA WOODHULL",87,15,17.93,0.0,3.0,Low,Good,False
THE-BOYS-IN-THE-BOAT-NINE-AMERICANS-AND-THEIR-EPIC-QUEST-FOR-GOLD-AT-THE-1936-BERLIN-OLYMPICS-992,The Boys in the Boat: Nine Americans and Their Epic Quest for Gold at the 1936 Berlin Olympics,Books,22.6,0.0,4,0,In stock,https://books.toscrape.com/catalogue/the-boys-in-the-boat-nine-americans-and-their-epic-quest-for-gold-at-the-1936-berlin-olympics_992/index.html,the boys in the boat: nine americans and their epic quest for gold at the 1936 berlin olympics,THE BOYS IN THE BOAT: NINE AMERICANS AND THEIR EPIC QUEST FOR GOLD AT THE 1936 BERLIN OLYMPICS,94,18,22.6,0.0,4.0,Medium,Excellent,True
THE-BLACK-MARIA-991,The Black Maria,Books,52.15,0.0,1,0,In stock,https://books.toscrape.com/catalogue/the-black-maria_991/index.html,the black maria,THE BLACK MARIA,15,3,52.15,0.0,1.0,High,Low,False
STARVING-HEARTS-TRIANGULAR-TRADE-TRILOGY-1-990,"Starving Hearts (Triangular Trade Trilogy, #1)",Books,13.99,0.0,2,0,In stock,https://books.toscrape.com/catalogue/starving-hearts-triangular-trade-trilogy-1_990/index.html,"starving hearts (triangular trade trilogy, #1)","STARVING HEARTS (TRIANGULAR TRADE TRILOGY, #1)",46,6,13.99,0.0,2.0,Low,Average,False
SHAKESPEARES-SONNETS-989,Shakespeare's Sonnets,Books,20.66,0.0,4,0,In stock,https://books.toscrape.com/catalogue/shakespeares-sonnets_989/index.html,shakespeare's sonnets,SHAKESPEARE'S SONNETS,21,2,20.66,0.0,4.0,Medium,Excellent,True
SET-ME-FREE-988,Set Me Free,Books,17.46,0.0,5,0,In stock,https://books.toscrape.com/catalogue/set-me-free_988/index.html,set me free,SET ME FREE,11,3,17.46,0.0,5.0,Low,Excellent,True
SCOTT-PILGRIMS-PRECIOUS-LITTLE-LIFE-SCOTT-PILGRIM-1-987,Scott Pilgrim's Precious Little Life (Scott Pilgrim #1),Books,52.29,0.0,5,0,In stock,https://books.toscrape.com/catalogue/scott-pilgrims-precious-little-life-scott-pilgrim-1_987/index.html,scott pilgrim's precious little life (scott pilgrim #1),SCOTT PILGRIM'S PRECIOUS LITTLE LIFE (SCOTT PILGRIM #1),55,8,52.29,0.0,5.0,High,Excellent,True
RIP-IT-UP-AND-START-AGAIN-986,Rip it Up and Start Again,Books,35.02,0.0,5,0,In stock,https://books.toscrape.com/catalogue/rip-it-up-and-start-again_986/index.html,rip it up and start again,RIP IT UP AND START AGAIN,25,6,35.02,0.0,5.0,Medium,Excellent,True
OUR-BAND-COULD-BE-YOUR-LIFE-SCENES-FROM-THE-AMERICAN-INDIE-UNDERGROUND-1981-1991-985,"Our Band Could Be Your Life: Scenes from the American Indie Underground, 1981-1991",Books,57.25,0.0,3,0,In stock,https://books.toscrape.com/catalogue/our-band-could-be-your-life-scenes-from-the-american-indie-underground-1981-1991_985/index.html,"our band could be your life: scenes from the american indie underground, 1981-1991","OUR BAND COULD BE YOUR LIFE: SCENES FROM THE AMERICAN INDIE UNDERGROUND, 1981-1991",82,13,57.25,0.0,3.0,High,Good,False
OLIO-984,Olio,Books,23.88,0.0,1,0,In stock,https://books.toscrape.com/catalogue/olio_984/index.html,olio,OLIO,4,1,23.88,0.0,1.0,Medium,Low,False
MESAERION-THE-BEST-SCIENCE-FICTION-STORIES-1800-1849-983,Mesaerion: The Best Science Fiction Stories 1800-1849,Books,37.59,0.0,1,0,In stock,https://books.toscrape.com/catalogue/mesaerion-the-best-science-fiction-stories-1800-1849_983/index.html,mesaerion: the best science fiction stories 1800-1849,MESAERION: THE BEST SCIENCE FICTION STORIES 1800-1849,53,7,37.59,0.0,1.0,Medium,Low,False
LIBERTARIANISM-FOR-BEGINNERS-982,Libertarianism for Beginners,Books,51.33,0.0,2,0,In stock,https://books.toscrape.com/catalogue/libertarianism-for-beginners_982/index.html,libertarianism for beginners,LIBERTARIANISM FOR BEGINNERS,28,3,51.33,0.0,2.0,High,Average,False
ITS-ONLY-THE-HIMALAYAS-981,It's Only the Himalayas,Books,45.17,0.0,2,0,In stock,https://books.toscrape.com/catalogue/its-only-the-himalayas_981/index.html,it's only the himalayas,IT'S ONLY THE HIMALAYAS,23,4,45.17,0.0,2.0,Medium,Average,False
BOOK-0021,In Her Wake,Books,12.84,0.0,1,0,In stock,https://books.toscrape.com/in-her-wake_980/index.html,in her wake,IN HER WAKE,11,3,12.84,0.0,1.0,Low,Low,False
BOOK-0022,How Music Works,Books,37.32,0.0,2,0,In stock,https://books.toscrape.com/how-music-works_979/index.html,how music works,HOW MUSIC WORKS,15,3,37.32,0.0,2.0,Medium,Average,False
BOOK-0023,"Foolproof Preserving: A Guide to Small Batch Jams, Jellies, Pickles, Condiments, and More: A Foolproof Guide to Making Small Batch Jams, Jellies, Pickles, Condiments, and More",Books,30.52,0.0,3,0,In stock,https://books.toscrape.com/foolproof-preserving-a-guide-to-small-batch-jams-jellies-pickles-condiments-and-more-a-foolproof-guide-to-making-small-batch-jams-jellies-pickles-condiments-and-more_978/index.html,"foolproof preserving: a guide to small batch jams, jellies, pickles, condiments, and more: a foolproof guide to making small batch jams, jellies, pickles, condiments, and more","FOOLPROOF PRESERVING: A GUIDE TO SMALL BATCH JAMS, JELLIES, PICKLES, CONDIMENTS, AND MORE: A FOOLPROOF GUIDE TO MAKING SMALL BATCH JAMS, JELLIES, PICKLES, CONDIMENTS, AND MORE",175,26,30.52,0.0,3.0,Medium,Good,False
BOOK-0024,Chase Me (Paris Nights #2),Books,25.27,0.0,5,0,In stock,https://books.toscrape.com/chase-me-paris-nights-2_977/index.html,chase me (paris nights #2),CHASE ME (PARIS NIGHTS #2),26,5,25.27,0.0,5.0,Medium,Excellent,True
BOOK-0025,Black Dust,Books,34.53,0.0,5,0,In stock,https://books.toscrape.com/black-dust_976/index.html,black dust,BLACK DUST,10,2,34.53,0.0,5.0,Medium,Excellent,True
BOOK-0026,Birdsong: A Story in Pictures,Books,54.64,0.0,3,0,In stock,https://books.toscrape.com/birdsong-a-story-in-pictures_975/index.html,birdsong: a story in pictures,BIRDSONG: A STORY IN PICTURES,29,5,54.64,0.0,3.0,High,Good,False
BOOK-0027,America's Cradle of Quarterbacks: Western Pennsylvania's Football Factory from Johnny Unitas to Joe Montana,Books,22.5,0.0,3,0,In stock,https://books.toscrape.com/americas-cradle-of-quarterbacks-western-pennsylvanias-football-factory-from-johnny-unitas-to-joe-montana_974/index.html,america's cradle of quarterbacks: western pennsylvania's football factory from johnny unitas to joe montana,AMERICA'S CRADLE OF QUARTERBACKS: WESTERN PENNSYLVANIA'S FOOTBALL FACTORY FROM JOHNNY UNITAS TO JOE MONTANA,107,14,22.5,0.0,3.0,Medium,Good,False
BOOK-0028,Aladdin and His Wonderful Lamp,Books,53.13,0.0,3,0,In stock,https://books.toscrape.com/aladdin-and-his-wonderful-lamp_973/index.html,aladdin and his wonderful lamp,ALADDIN AND HIS WONDERFUL LAMP,30,5,53.13,0.0,3.0,High,Good,False
BOOK-0029,Worlds Elsewhere: Journeys Around Shakespeareâs Globe,Books,40.3,0.0,5,0,In stock,https://books.toscrape.com/worlds-elsewhere-journeys-around-shakespeares-globe_972/index.html,worlds elsewhere: journeys around shakespeareâs globe,WORLDS ELSEWHERE: JOURNEYS AROUND SHAKESPEAREÂS GLOBE,55,6,40.3,0.0,5.0,Medium,Excellent,True
BOOK-0030,Wall and Piece,Books,44.18,0.0,4,0,In stock,https://books.toscrape.com/wall-and-piece_971/index.html,wall and piece,WALL AND PIECE,14,3,44.18,0.0,4.0,Medium,Excellent,True
BOOK-0031,The Four Agreements: A Practical Guide to Personal Freedom,Books,17.66,0.0,5,0,In stock,https://books.toscrape.com/the-four-agreements-a-practical-guide-to-personal-freedom_970/index.html,the four agreements: a practical guide to personal freedom,THE FOUR AGREEMENTS: A PRACTICAL GUIDE TO PERSONAL FREEDOM,58,9,17.66,0.0,5.0,Low,Excellent,True
BOOK-0032,The Five Love Languages: How to Express Heartfelt Commitment to Your Mate,Books,31.05,0.0,3,0,In stock,https://books.toscrape.com/the-five-love-languages-how-to-express-heartfelt-commitment-to-your-mate_969/index.html,the five love languages: how to express heartfelt commitment to your mate,THE FIVE LOVE LANGUAGES: HOW TO EXPRESS HEARTFELT COMMITMENT TO YOUR MATE,73,12,31.05,0.0,3.0,Medium,Good,False
BOOK-0033,The Elephant Tree,Books,23.82,0.0,5,0,In stock,https://books.toscrape.com/the-elephant-tree_968/index.html,the elephant tree,THE ELEPHANT TREE,17,3,23.82,0.0,5.0,Medium,Excellent,True
BOOK-0034,The Bear and the Piano,Books,36.89,0.0,1,0,In stock,https://books.toscrape.com/the-bear-and-the-piano_967/index.html,the bear and the piano,THE BEAR AND THE PIANO,22,5,36.89,0.0,1.0,Medium,Low,False
BOOK-0035,Sophie's World,Books,15.94,0.0,5,0,In stock,https://books.toscrape.com/sophies-world_966/index.html,sophie's world,SOPHIE'S WORLD,14,2,15.94,0.0,5.0,Low,Excellent,True
BOOK-0036,Penny Maybe,Books,33.29,0.0,3,0,In stock,https://books.toscrape.com/penny-maybe_965/index.html,penny maybe,PENNY MAYBE,11,2,33.29,0.0,3.0,Medium,Good,False
BOOK-0037,Maude (1883-1993):She Grew Up with the country,Books,18.02,0.0,2,0,In stock,https://books.toscrape.com/maude-1883-1993she-grew-up-with-the-country_964/index.html,maude (1883-1993):she grew up with the country,MAUDE (1883-1993):SHE GREW UP WITH THE COUNTRY,46,7,18.02,0.0,2.0,Low,Average,False
BOOK-0038,"In a Dark, Dark Wood",Books,19.63,0.0,1,0,In stock,https://books.toscrape.com/in-a-dark-dark-wood_963/index.html,"in a dark, dark wood","IN A DARK, DARK WOOD",20,5,19.63,0.0,1.0,Low,Low,False
BOOK-0039,Behind Closed Doors,Books,52.22,0.0,4,0,In stock,https://books.toscrape.com/behind-closed-doors_962/index.html,behind closed doors,BEHIND CLOSED DOORS,19,3,52.22,0.0,4.0,High,Excellent,True
BOOK-0040,You can't bury them all: Poems,Books,33.63,0.0,2,0,In stock,https://books.toscrape.com/you-cant-bury-them-all-poems_961/index.html,you can't bury them all: poems,YOU CAN'T BURY THEM ALL: POEMS,30,6,33.63,0.0,2.0,Medium,Average,False
BOOK-0041,Slow States of Collapse: Poems,Books,57.31,0.0,3,0,In stock,https://books.toscrape.com/slow-states-of-collapse-poems_960/index.html,slow states of collapse: poems,SLOW STATES OF COLLAPSE: POEMS,30,5,57.31,0.0,3.0,High,Good,False
BOOK-0042,Reasons to Stay Alive,Books,26.41,0.0,2,0,In stock,https://books.toscrape.com/reasons-to-stay-alive_959/index.html,reasons to stay alive,REASONS TO STAY ALIVE,21,4,26.41,0.0,2.0,Medium,Average,False
BOOK-0043,Private Paris (Private #10),Books,47.61,0.0,5,0,In stock,https://books.toscrape.com/private-paris-private-10_958/index.html,private paris (private #10),PRIVATE PARIS (PRIVATE #10),27,4,47.61,0.0,5.0,Medium,Excellent,True
BOOK-0044,#HigherSelfie: Wake Up Your Life. Free Your Soul. Find Your Tribe.,Books,23.11,0.0,5,0,In stock,https://books.toscrape.com/higherselfie-wake-up-your-life-free-your-soul-find-your-tribe_957/index.html,#higherselfie: wake up your life. free your soul. find your tribe.,#HIGHERSELFIE: WAKE UP YOUR LIFE. FREE YOUR SOUL. FIND YOUR TRIBE.,66,11,23.11,0.0,5.0,Medium,Excellent,True
BOOK-0045,Without Borders (Wanderlove #1),Books,45.07,0.0,2,0,In stock,https://books.toscrape.com/without-borders-wanderlove-1_956/index.html,without borders (wanderlove #1),WITHOUT BORDERS (WANDERLOVE #1),31,4,45.07,0.0,2.0,Medium,Average,False
BOOK-0046,When We Collided,Books,31.77,0.0,1,0,In stock,https://books.toscrape.com/when-we-collided_955/index.html,when we collided,WHEN WE COLLIDED,16,3,31.77,0.0,1.0,Medium,Low,False
BOOK-0047,"We Love You, Charlie Freeman",Books,50.27,0.0,5,0,In stock,https://books.toscrape.com/we-love-you-charlie-freeman_954/index.html,"we love you, charlie freeman","WE LOVE YOU, CHARLIE FREEMAN",28,5,50.27,0.0,5.0,High,Excellent,True
BOOK-0048,Untitled Collection: Sabbath Poems 2014,Books,14.27,0.0,4,0,In stock,https://books.toscrape.com/untitled-collection-sabbath-poems-2014_953/index.html,untitled collection: sabbath poems 2014,UNTITLED COLLECTION: SABBATH POEMS 2014,39,5,14.27,0.0,4.0,Low,Excellent,True
BOOK-0049,"Unseen City: The Majesty of Pigeons, the Discreet Charm of Snails & Other Wonders of the Urban Wilderness",Books,44.18,0.0,4,0,In stock,https://books.toscrape.com/unseen-city-the-majesty-of-pigeons-the-discreet-charm-of-snails-other-wonders-of-the-urban-wilderness_952/index.html,"unseen city: the majesty of pigeons, the discreet charm of snails & other wonders of the urban wilderness","UNSEEN CITY: THE MAJESTY OF PIGEONS, THE DISCREET CHARM OF SNAILS & OTHER WONDERS OF THE URBAN WILDERNESS",105,18,44.18,0.0,4.0,Medium,Excellent,True
BOOK-0050,Unicorn Tracks,Books,18.78,0.0,3,0,In stock,https://books.toscrape.com/unicorn-tracks_951/index.html,unicorn tracks,UNICORN TRACKS,14,2,18.78,0.0,3.0,Low,Good,False
BOOK-0051,"Unbound: How Eight Technologies Made Us Human, Transformed Society, and Brought Our World to the Brink",Books,25.52,0.0,1,0,In stock,https://books.toscrape.com/unbound-how-eight-technologies-made-us-human-transformed-society-and-brought-our-world-to-the-brink_950/index.html,"unbound: how eight technologies made us human, transformed society, and brought our world to the brink","UNBOUND: HOW EIGHT TECHNOLOGIES MADE US HUMAN, TRANSFORMED SOCIETY, AND BROUGHT OUR WORLD TO THE BRINK",102,16,25.52,0.0,1.0,Medium,Low,False
BOOK-0052,Tsubasa: WoRLD CHRoNiCLE 2 (Tsubasa WoRLD CHRoNiCLE #2),Books,16.28,0.0,1,0,In stock,https://books.toscrape.com/tsubasa-world-chronicle-2-tsubasa-world-chronicle-2_949/index.html,tsubasa: world chronicle 2 (tsubasa world chronicle #2),TSUBASA: WORLD CHRONICLE 2 (TSUBASA WORLD CHRONICLE #2),55,8,16.28,0.0,1.0,Low,Low,False
BOOK-0053,Throwing Rocks at the Google Bus: How Growth Became the Enemy of Prosperity,Books,31.12,0.0,3,0,In stock,https://books.toscrape.com/throwing-rocks-at-the-google-bus-how-growth-became-the-enemy-of-prosperity_948/index.html,throwing rocks at the google bus: how growth became the enemy of prosperity,THROWING ROCKS AT THE GOOGLE BUS: HOW GROWTH BECAME THE ENEMY OF PROSPERITY,75,13,31.12,0.0,3.0,Medium,Good,False
BOOK-0054,This One Summer,Books,19.49,0.0,4,0,In stock,https://books.toscrape.com/this-one-summer_947/index.html,this one summer,THIS ONE SUMMER,15,3,19.49,0.0,4.0,Low,Excellent,True
BOOK-0055,Thirst,Books,17.27,0.0,5,0,In stock,https://books.toscrape.com/thirst_946/index.html,thirst,THIRST,6,1,17.27,0.0,5.0,Low,Excellent,True
BOOK-0056,The Torch Is Passed: A Harding Family Story,Books,19.09,0.0,1,0,In stock,https://books.toscrape.com/the-torch-is-passed-a-harding-family-story_945/index.html,the torch is passed: a harding family story,THE TORCH IS PASSED: A HARDING FAMILY STORY,43,8,19.09,0.0,1.0,Low,Low,False
BOOK-0057,The Secret of Dreadwillow Carse,Books,56.13,0.0,1,0,In stock,https://books.toscrape.com/the-secret-of-dreadwillow-carse_944/index.html,the secret of dreadwillow carse,THE SECRET OF DREADWILLOW CARSE,31,5,56.13,0.0,1.0,High,Low,False
BOOK-0058,"The Pioneer Woman Cooks: Dinnertime: Comfort Classics, Freezer Food, 16-Minute Meals, and Other Delicious Ways to Solve Supper!",Books,56.41,0.0,1,0,In stock,https://books.toscrape.com/the-pioneer-woman-cooks-dinnertime-comfort-classics-freezer-food-16-minute-meals-and-other-delicious-ways-to-solve-supper_943/index.html,"the pioneer woman cooks: dinnertime: comfort classics, freezer food, 16-minute meals, and other delicious ways to solve supper!","THE PIONEER WOMAN COOKS: DINNERTIME: COMFORT CLASSICS, FREEZER FOOD, 16-MINUTE MEALS, AND OTHER DELICIOUS WAYS TO SOLVE SUPPER!",127,18,56.41,0.0,1.0,High,Low,False
BOOK-0059,The Past Never Ends,Books,56.5,0.0,4,0,In stock,https://books.toscrape.com/the-past-never-ends_942/index.html,the past never ends,THE PAST NEVER ENDS,19,4,56.5,0.0,4.0,High,Excellent,True
BOOK-0060,The Natural History of Us (The Fine Art of Pretending #2),Books,45.22,0.0,3,0,In stock,https://books.toscrape.com/the-natural-history-of-us-the-fine-art-of-pretending-2_941/index.html,the natural history of us (the fine art of pretending #2),THE NATURAL HISTORY OF US (THE FINE ART OF PRETENDING #2),57,11,45.22,0.0,3.0,Medium,Good,False
BOOK-0061,The Nameless City (The Nameless City #1),Books,38.16,0.0,4,0,In stock,https://books.toscrape.com/the-nameless-city-the-nameless-city-1_940/index.html,the nameless city (the nameless city #1),THE NAMELESS CITY (THE NAMELESS CITY #1),40,7,38.16,0.0,4.0,Medium,Excellent,True
BOOK-0062,The Murder That Never Was (Forensic Instincts #5),Books,54.11,0.0,3,0,In stock,https://books.toscrape.com/the-murder-that-never-was-forensic-instincts-5_939/index.html,the murder that never was (forensic instincts #5),THE MURDER THAT NEVER WAS (FORENSIC INSTINCTS #5),49,8,54.11,0.0,3.0,High,Good,False
BOOK-0063,The Most Perfect Thing: Inside (and Outside) a Bird's Egg,Books,42.96,0.0,4,0,In stock,https://books.toscrape.com/the-most-perfect-thing-inside-and-outside-a-birds-egg_938/index.html,the most perfect thing: inside (and outside) a bird's egg,THE MOST PERFECT THING: INSIDE (AND OUTSIDE) A BIRD'S EGG,57,10,42.96,0.0,4.0,Medium,Excellent,True
BOOK-0064,"The Mindfulness and Acceptance Workbook for Anxiety: A Guide to Breaking Free from Anxiety, Phobias, and Worry Using Acceptance and Commitment Therapy",Books,23.89,0.0,4,0,In stock,https://books.toscrape.com/the-mindfulness-and-acceptance-workbook-for-anxiety-a-guide-to-breaking-free-from-anxiety-phobias-and-worry-using-acceptance-and-commitment-therapy_937/index.html,"the mindfulness and acceptance workbook for anxiety: a guide to breaking free from anxiety, phobias, and worry using acceptance and commitment therapy","THE MINDFULNESS AND ACCEPTANCE WORKBOOK FOR ANXIETY: A GUIDE TO BREAKING FREE FROM ANXIETY, PHOBIAS, AND WORRY USING ACCEPTANCE AND COMMITMENT THERAPY",150,22,23.89,0.0,4.0,Medium,Excellent,True
BOOK-0065,The Life-Changing Magic of Tidying Up: The Japanese Art of Decluttering and Organizing,Books,16.77,0.0,3,0,In stock,https://books.toscrape.com/the-life-changing-magic-of-tidying-up-the-japanese-art-of-decluttering-and-organizing_936/index.html,the life-changing magic of tidying up: the japanese art of decluttering and organizing,THE LIFE-CHANGING MAGIC OF TIDYING UP: THE JAPANESE ART OF DECLUTTERING AND ORGANIZING,86,13,16.77,0.0,3.0,Low,Good,False
BOOK-0066,"The Inefficiency Assassin: Time Management Tactics for Working Smarter, Not Longer",Books,20.59,0.0,5,0,In stock,https://books.toscrape.com/the-inefficiency-assassin-time-management-tactics-for-working-smarter-not-longer_935/index.html,"the inefficiency assassin: time management tactics for working smarter, not longer","THE INEFFICIENCY ASSASSIN: TIME MANAGEMENT TACTICS FOR WORKING SMARTER, NOT LONGER",82,11,20.59,0.0,5.0,Medium,Excellent,True
BOOK-0067,The Gutsy Girl: Escapades for Your Life of Epic Adventure,Books,37.13,0.0,1,0,In stock,https://books.toscrape.com/the-gutsy-girl-escapades-for-your-life-of-epic-adventure_934/index.html,the gutsy girl: escapades for your life of epic adventure,THE GUTSY GIRL: ESCAPADES FOR YOUR LIFE OF EPIC ADVENTURE,57,10,37.13,0.0,1.0,Medium,Low,False
BOOK-0068,The Electric Pencil: Drawings from Inside State Hospital No. 3,Books,56.06,0.0,1,0,In stock,https://books.toscrape.com/the-electric-pencil-drawings-from-inside-state-hospital-no-3_933/index.html,the electric pencil: drawings from inside state hospital no. 3,THE ELECTRIC PENCIL: DRAWINGS FROM INSIDE STATE HOSPITAL NO. 3,62,10,56.06,0.0,1.0,High,Low,False
BOOK-0069,The Death of Humanity: and the Case for Life,Books,58.11,0.0,4,0,In stock,https://books.toscrape.com/the-death-of-humanity-and-the-case-for-life_932/index.html,the death of humanity: and the case for life,THE DEATH OF HUMANITY: AND THE CASE FOR LIFE,44,9,58.11,0.0,4.0,High,Excellent,True
BOOK-0070,"The Bulletproof Diet: Lose up to a Pound a Day, Reclaim Energy and Focus, Upgrade Your Life",Books,49.05,0.0,3,0,In stock,https://books.toscrape.com/the-bulletproof-diet-lose-up-to-a-pound-a-day-reclaim-energy-and-focus-upgrade-your-life_931/index.html,"the bulletproof diet: lose up to a pound a day, reclaim energy and focus, upgrade your life","THE BULLETPROOF DIET: LOSE UP TO A POUND A DAY, RECLAIM ENERGY AND FOCUS, UPGRADE YOUR LIFE",91,17,49.05,0.0,3.0,Medium,Good,False
BOOK-0071,The Art Forger,Books,40.76,0.0,3,0,In stock,https://books.toscrape.com/the-art-forger_930/index.html,the art forger,THE ART FORGER,14,3,40.76,0.0,3.0,Medium,Good,False
BOOK-0072,The Age of Genius: The Seventeenth Century and the Birth of the Modern Mind,Books,19.73,0.0,1,0,In stock,https://books.toscrape.com/the-age-of-genius-the-seventeenth-century-and-the-birth-of-the-modern-mind_929/index.html,the age of genius: the seventeenth century and the birth of the modern mind,THE AGE OF GENIUS: THE SEVENTEENTH CENTURY AND THE BIRTH OF THE MODERN MIND,75,14,19.73,0.0,1.0,Low,Low,False
BOOK-0073,The Activist's Tao Te Ching: Ancient Advice for a Modern Revolution,Books,32.24,0.0,5,0,In stock,https://books.toscrape.com/the-activists-tao-te-ching-ancient-advice-for-a-modern-revolution_928/index.html,the activist's tao te ching: ancient advice for a modern revolution,THE ACTIVIST'S TAO TE CHING: ANCIENT ADVICE FOR A MODERN REVOLUTION,67,11,32.24,0.0,5.0,Medium,Excellent,True
BOOK-0074,Spark Joy: An Illustrated Master Class on the Art of Organizing and Tidying Up,Books,41.83,0.0,4,0,In stock,https://books.toscrape.com/spark-joy-an-illustrated-master-class-on-the-art-of-organizing-and-tidying-up_927/index.html,spark joy: an illustrated master class on the art of organizing and tidying up,SPARK JOY: AN ILLUSTRATED MASTER CLASS ON THE ART OF ORGANIZING AND TIDYING UP,78,14,41.83,0.0,4.0,Medium,Excellent,True
BOOK-0075,Soul Reader,Books,39.58,0.0,2,0,In stock,https://books.toscrape.com/soul-reader_926/index.html,soul reader,SOUL READER,11,2,39.58,0.0,2.0,Medium,Average,False
BOOK-0076,Security,Books,39.25,0.0,2,0,In stock,https://books.toscrape.com/security_925/index.html,security,SECURITY,8,1,39.25,0.0,2.0,Medium,Average,False
BOOK-0077,"Saga, Volume 6 (Saga (Collected Editions) #6)",Books,25.02,0.0,3,0,In stock,https://books.toscrape.com/saga-volume-6-saga-collected-editions-6_924/index.html,"saga, volume 6 (saga (collected editions) #6)","SAGA, VOLUME 6 (SAGA (COLLECTED EDITIONS) #6)",45,7,25.02,0.0,3.0,Medium,Good,False
BOOK-0078,"Saga, Volume 5 (Saga (Collected Editions) #5)",Books,51.04,0.0,2,0,In stock,https://books.toscrape.com/saga-volume-5-saga-collected-editions-5_923/index.html,"saga, volume 5 (saga (collected editions) #5)","SAGA, VOLUME 5 (SAGA (COLLECTED EDITIONS) #5)",45,7,51.04,0.0,2.0,High,Average,False
BOOK-0079,Reskilling America: Learning to Labor in the Twenty-First Century,Books,19.83,0.0,2,0,In stock,https://books.toscrape.com/reskilling-america-learning-to-labor-in-the-twenty-first-century_922/index.html,reskilling america: learning to labor in the twenty-first century,RESKILLING AMERICA: LEARNING TO LABOR IN THE TWENTY-FIRST CENTURY,65,9,19.83,0.0,2.0,Low,Average,False
BOOK-0080,"Rat Queens, Vol. 3: Demons (Rat Queens (Collected Editions) #11-15)",Books,50.4,0.0,3,0,In stock,https://books.toscrape.com/rat-queens-vol-3-demons-rat-queens-collected-editions-11-15_921/index.html,"rat queens, vol. 3: demons (rat queens (collected editions) #11-15)","RAT QUEENS, VOL. 3: DEMONS (RAT QUEENS (COLLECTED EDITIONS) #11-15)",67,10,50.4,0.0,3.0,High,Good,False
BOOK-0081,"Princess Jellyfish 2-in-1 Omnibus, Vol. 01 (Princess Jellyfish 2-in-1 Omnibus #1)",Books,13.61,0.0,5,0,In stock,https://books.toscrape.com/princess-jellyfish-2-in-1-omnibus-vol-01-princess-jellyfish-2-in-1-omnibus-1_920/index.html,"princess jellyfish 2-in-1 omnibus, vol. 01 (princess jellyfish 2-in-1 omnibus #1)","PRINCESS JELLYFISH 2-IN-1 OMNIBUS, VOL. 01 (PRINCESS JELLYFISH 2-IN-1 OMNIBUS #1)",81,11,13.61,0.0,5.0,Low,Excellent,True
BOOK-0082,Princess Between Worlds (Wide-Awake Princess #5),Books,13.34,0.0,5,0,In stock,https://books.toscrape.com/princess-between-worlds-wide-awake-princess-5_919/index.html,princess between worlds (wide-awake princess #5),PRINCESS BETWEEN WORLDS (WIDE-AWAKE PRINCESS #5),48,6,13.34,0.0,5.0,Low,Excellent,True
BOOK-0083,"Pop Gun War, Volume 1: Gift",Books,18.97,0.0,1,0,In stock,https://books.toscrape.com/pop-gun-war-volume-1-gift_918/index.html,"pop gun war, volume 1: gift","POP GUN WAR, VOLUME 1: GIFT",27,6,18.97,0.0,1.0,Low,Low,False
BOOK-0084,"Political Suicide: Missteps, Peccadilloes, Bad Calls, Backroom Hijinx, Sordid Pasts, Rotten Breaks, and Just Plain Dumb Mistakes in the Annals of American Politics",Books,36.28,0.0,2,0,In stock,https://books.toscrape.com/political-suicide-missteps-peccadilloes-bad-calls-backroom-hijinx-sordid-pasts-rotten-breaks-and-just-plain-dumb-mistakes-in-the-annals-of-american-politics_917/index.html,"political suicide: missteps, peccadilloes, bad calls, backroom hijinx, sordid pasts, rotten breaks, and just plain dumb mistakes in the annals of american politics","POLITICAL SUICIDE: MISSTEPS, PECCADILLOES, BAD CALLS, BACKROOM HIJINX, SORDID PASTS, ROTTEN BREAKS, AND JUST PLAIN DUMB MISTAKES IN THE ANNALS OF AMERICAN POLITICS",163,23,36.28,0.0,2.0,Medium,Average,False
BOOK-0085,Patience,Books,10.16,0.0,3,0,In stock,https://books.toscrape.com/patience_916/index.html,patience,PATIENCE,8,1,10.16,0.0,3.0,Low,Good,False
BOOK-0086,"Outcast, Vol. 1: A Darkness Surrounds Him (Outcast #1)",Books,15.44,0.0,4,0,In stock,https://books.toscrape.com/outcast-vol-1-a-darkness-surrounds-him-outcast-1_915/index.html,"outcast, vol. 1: a darkness surrounds him (outcast #1)","OUTCAST, VOL. 1: A DARKNESS SURROUNDS HIM (OUTCAST #1)",54,9,15.44,0.0,4.0,Low,Excellent,True
BOOK-0087,orange: The Complete Collection 1 (orange: The Complete Collection #1),Books,48.41,0.0,1,0,In stock,https://books.toscrape.com/orange-the-complete-collection-1-orange-the-complete-collection-1_914/index.html,orange: the complete collection 1 (orange: the complete collection #1),ORANGE: THE COMPLETE COLLECTION 1 (ORANGE: THE COMPLETE COLLECTION #1),70,10,48.41,0.0,1.0,Medium,Low,False
BOOK-0088,Online Marketing for Busy Authors: A Step-By-Step Guide,Books,46.35,0.0,1,0,In stock,https://books.toscrape.com/online-marketing-for-busy-authors-a-step-by-step-guide_913/index.html,online marketing for busy authors: a step-by-step guide,ONLINE MARKETING FOR BUSY AUTHORS: A STEP-BY-STEP GUIDE,55,8,46.35,0.0,1.0,Medium,Low,False
BOOK-0089,On a Midnight Clear,Books,14.07,0.0,3,0,In stock,https://books.toscrape.com/on-a-midnight-clear_912/index.html,on a midnight clear,ON A MIDNIGHT CLEAR,19,4,14.07,0.0,3.0,Low,Good,False
BOOK-0090,Obsidian (Lux #1),Books,14.86,0.0,2,0,In stock,https://books.toscrape.com/obsidian-lux-1_911/index.html,obsidian (lux #1),OBSIDIAN (LUX #1),17,3,14.86,0.0,2.0,Low,Average,False
BOOK-0091,My Paris Kitchen: Recipes and Stories,Books,33.37,0.0,2,0,In stock,https://books.toscrape.com/my-paris-kitchen-recipes-and-stories_910/index.html,my paris kitchen: recipes and stories,MY PARIS KITCHEN: RECIPES AND STORIES,37,6,33.37,0.0,2.0,Medium,Average,False
BOOK-0092,Masks and Shadows,Books,56.4,0.0,2,0,In stock,https://books.toscrape.com/masks-and-shadows_909/index.html,masks and shadows,MASKS AND SHADOWS,17,3,56.4,0.0,2.0,High,Average,False
BOOK-0093,"Mama Tried: Traditional Italian Cooking for the Screwed, Crude, Vegan, and Tattooed",Books,14.02,0.0,4,0,In stock,https://books.toscrape.com/mama-tried-traditional-italian-cooking-for-the-screwed-crude-vegan-and-tattooed_908/index.html,"mama tried: traditional italian cooking for the screwed, crude, vegan, and tattooed","MAMA TRIED: TRADITIONAL ITALIAN COOKING FOR THE SCREWED, CRUDE, VEGAN, AND TATTOOED",83,12,14.02,0.0,4.0,Low,Excellent,True
BOOK-0094,"Lumberjanes, Vol. 2: Friendship to the Max (Lumberjanes #5-8)",Books,46.91,0.0,2,0,In stock,https://books.toscrape.com/lumberjanes-vol-2-friendship-to-the-max-lumberjanes-5-8_907/index.html,"lumberjanes, vol. 2: friendship to the max (lumberjanes #5-8)","LUMBERJANES, VOL. 2: FRIENDSHIP TO THE MAX (LUMBERJANES #5-8)",61,9,46.91,0.0,2.0,Medium,Average,False
BOOK-0095,"Lumberjanes, Vol. 1: Beware the Kitten Holy (Lumberjanes #1-4)",Books,45.61,0.0,3,0,In stock,https://books.toscrape.com/lumberjanes-vol-1-beware-the-kitten-holy-lumberjanes-1-4_906/index.html,"lumberjanes, vol. 1: beware the kitten holy (lumberjanes #1-4)","LUMBERJANES, VOL. 1: BEWARE THE KITTEN HOLY (LUMBERJANES #1-4)",62,9,45.61,0.0,3.0,Medium,Good,False
BOOK-0096,Lumberjanes Vol. 3: A Terrible Plan (Lumberjanes #9-12),Books,19.92,0.0,2,0,In stock,https://books.toscrape.com/lumberjanes-vol-3-a-terrible-plan-lumberjanes-9-12_905/index.html,lumberjanes vol. 3: a terrible plan (lumberjanes #9-12),LUMBERJANES VOL. 3: A TERRIBLE PLAN (LUMBERJANES #9-12),55,8,19.92,0.0,2.0,Low,Average,False
BOOK-0097,"Layered: Baking, Building, and Styling Spectacular Cakes",Books,40.11,0.0,1,0,In stock,https://books.toscrape.com/layered-baking-building-and-styling-spectacular-cakes_904/index.html,"layered: baking, building, and styling spectacular cakes","LAYERED: BAKING, BUILDING, AND STYLING SPECTACULAR CAKES",56,7,40.11,0.0,1.0,Medium,Low,False
BOOK-0098,Judo: Seven Steps to Black Belt (an Introductory Guide for Beginners),Books,53.9,0.0,2,0,In stock,https://books.toscrape.com/judo-seven-steps-to-black-belt-an-introductory-guide-for-beginners_903/index.html,judo: seven steps to black belt (an introductory guide for beginners),JUDO: SEVEN STEPS TO BLACK BELT (AN INTRODUCTORY GUIDE FOR BEGINNERS),69,11,53.9,0.0,2.0,High,Average,False
BOOK-0099,Join,Books,35.67,0.0,5,0,In stock,https://books.toscrape.com/join_902/index.html,join,JOIN,4,1,35.67,0.0,5.0,Medium,Excellent,True
BOOK-0100,In the Country We Love: My Family Divided,Books,22.0,0.0,4,0,In stock,https://books.toscrape.com/in-the-country-we-love-my-family-divided_901/index.html,in the country we love: my family divided,IN THE COUNTRY WE LOVE: MY FAMILY DIVIDED,41,8,22.0,0.0,4.0,Medium,Excellent,True
