Product ID,Product Name,Category,Price,Discount,Rating,Number of Reviews,Availability,Product URL
A-LIGHT-IN-THE-ATTIC-1000,A Light in the Attic,Books,51.77,0.0,3,0,In stock,https://books.toscrape.com/catalogue/a-light-in-the-attic_1000/index.html
TIPPING-THE-VELVET-999,Tipping the Velvet,Books,53.74,0.0,1,0,In stock,https://books.toscrape.com/catalogue/tipping-the-velvet_999/index.html
SOUMISSION-998,Soumission,Books,50.1,0.0,1,0,In stock,https://books.toscrape.com/catalogue/soumission_998/index.html
SHARP-OBJECTS-997,Sharp Objects,Books,47.82,0.0,4,0,In stock,https://books.toscrape.com/catalogue/sharp-objects_997/index.html
SAPIENS-A-BRIEF-HISTORY-OF-HUMANKIND-996,Sapiens: A Brief History of Humankind,Books,54.23,0.0,5,0,In stock,https://books.toscrape.com/catalogue/sapiens-a-brief-history-of-humankind_996/index.html
THE-REQUIEM-RED-995,The Requiem Red,Books,22.65,0.0,1,0,In stock,https://books.toscrape.com/catalogue/the-requiem-red_995/index.html
THE-DIRTY-LITTLE-SECRETS-OF-GETTING-YOUR-DREAM-JOB-994,The Dirty Little Secrets of Getting Your Dream Job,Books,33.34,0.0,4,0,In stock,https://books.toscrape.com/catalogue/the-dirty-little-secrets-of-getting-your-dream-job_994/index.html
THE-COMING-WOMAN-A-NOVEL-BASED-ON-THE-LIFE-OF-THE-INFAMOUS-FEMINIST-VICTORIA-WOODHULL-993,"The Coming Woman: A Novel Based on the Life of the Infamous Feminist, Victoria Woodhull",Books,17.93,0.0,3,0,In stock,https://books.toscrape.com/catalogue/the-coming-woman-a-novel-based-on-the-life-of-the-infamous-feminist-victoria-woodhull_993/index.html
THE-BOYS-IN-THE-BOAT-NINE-AMERICANS-AND-THEIR-EPIC-QUEST-FOR-GOLD-AT-THE-1936-BERLIN-OLYMPICS-992,The Boys in the Boat: Nine Americans and Their Epic Quest for Gold at the 1936 Berlin Olympics,Books,22.6,0.0,4,0,In stock,https://books.toscrape.com/catalogue/the-boys-in-the-boat-nine-americans-and-their-epic-quest-for-gold-at-the-1936-berlin-olympics_992/index.html
THE-BLACK-MARIA-991,The Black Maria,Books,52.15,0.0,1,0,In stock,https://books.toscrape.com/catalogue/the-black-maria_991/index.html
STARVING-HEARTS-TRIANGULAR-TRADE-TRILOGY-1-990,"Starving Hearts (Triangular Trade Trilogy, #1)",Books,13.99,0.0,2,0,In stock,https://books.toscrape.com/catalogue/starving-hearts-triangular-trade-trilogy-1_990/index.html
SHAKESPEARES-SONNETS-989,Shakespeare's Sonnets,Books,20.66,0.0,4,0,In stock,https://books.toscrape.com/catalogue/shakespeares-sonnets_989/index.html
SET-ME-FREE-988,Set Me Free,Books,17.46,0.0,5,0,In stock,https://books.toscrape.com/catalogue/set-me-free_988/index.html
SCOTT-PILGRIMS-PRECIOUS-LITTLE-LIFE-SCOTT-PILGRIM-1-987,Scott Pilgrim's Precious Little Life (Scott Pilgrim #1),Books,52.29,0.0,5,0,In stock,https://books.toscrape.com/catalogue/scott-pilgrims-precious-little-life-scott-pilgrim-1_987/index.html
RIP-IT-UP-AND-START-AGAIN-986,Rip it Up and Start Again,Books,35.02,0.0,5,0,In stock,https://books.toscrape.com/catalogue/rip-it-up-and-start-again_986/index.html
OUR-BAND-COULD-BE-YOUR-LIFE-SCENES-FROM-THE-AMERICAN-INDIE-UNDERGROUND-1981-1991-985,"Our Band Could Be Your Life: Scenes from the American Indie Underground, 1981-1991",Books,57.25,0.0,3,0,In stock,https://books.toscrape.com/catalogue/our-band-could-be-your-life-scenes-from-the-american-indie-underground-1981-1991_985/index.html
OLIO-984,Olio,Books,23.88,0.0,1,0,In stock,https://books.toscrape.com/catalogue/olio_984/index.html
MESAERION-THE-BEST-SCIENCE-FICTION-STORIES-1800-1849-983,Mesaerion: The Best Science Fiction Stories 1800-1849,Books,37.59,0.0,1,0,In stock,https://books.toscrape.com/catalogue/mesaerion-the-best-science-fiction-stories-1800-1849_983/index.html
LIBERTARIANISM-FOR-BEGINNERS-982,Libertarianism for Beginners,Books,51.33,0.0,2,0,In stock,https://books.toscrape.com/catalogue/libertarianism-for-beginners_982/index.html
ITS-ONLY-THE-HIMALAYAS-981,It's Only the Himalayas,Books,45.17,0.0,2,0,In stock,https://books.toscrape.com/catalogue/its-only-the-himalayas_981/index.html
BOOK-0021,In Her Wake,Books,12.84,0.0,1,0,In stock,https://books.toscrape.com/in-her-wake_980/index.html
BOOK-0022,How Music Works,Books,37.32,0.0,2,0,In stock,https://books.toscrape.com/how-music-works_979/index.html
BOOK-0023,"Foolproof Preserving: A Guide to Small Batch Jams, Jellies, Pickles, Condiments, and More: A Foolproof Guide to Making Small Batch Jams, Jellies, Pickles, Condiments, and More",Books,30.52,0.0,3,0,In stock,https://books.toscrape.com/foolproof-preserving-a-guide-to-small-batch-jams-jellies-pickles-condiments-and-more-a-foolproof-guide-to-making-small-batch-jams-jellies-pickles-condiments-and-more_978/index.html
BOOK-0024,Chase Me (Paris Nights #2),Books,25.27,0.0,5,0,In stock,https://books.toscrape.com/chase-me-paris-nights-2_977/index.html
BOOK-0025,Black Dust,Books,34.53,0.0,5,0,In stock,https://books.toscrape.com/black-dust_976/index.html
BOOK-0026,Birdsong: A Story in Pictures,Books,54.64,0.0,3,0,In stock,https://books.toscrape.com/birdsong-a-story-in-pictures_975/index.html
BOOK-0027,America's Cradle of Quarterbacks: Western Pennsylvania's Football Factory from Johnny Unitas to Joe Montana,Books,22.5,0.0,3,0,In stock,https://books.toscrape.com/americas-cradle-of-quarterbacks-western-pennsylvanias-football-factory-from-johnny-unitas-to-joe-montana_974/index.html
BOOK-0028,Aladdin and His Wonderful Lamp,Books,53.13,0.0,3,0,In stock,https://books.toscrape.com/aladdin-and-his-wonderful-lamp_973/index.html
BOOK-0029,Worlds Elsewhere: Journeys Around Shakespeareâs Globe,Books,40.3,0.0,5,0,In stock,https://books.toscrape.com/worlds-elsewhere-journeys-around-shakespeares-globe_972/index.html
BOOK-0030,Wall and Piece,Books,44.18,0.0,4,0,In stock,https://books.toscrape.com/wall-and-piece_971/index.html
BOOK-0031,The Four Agreements: A Practical Guide to Personal Freedom,Books,17.66,0.0,5,0,In stock,https://books.toscrape.com/the-four-agreements-a-practical-guide-to-personal-freedom_970/index.html
BOOK-0032,The Five Love Languages: How to Express Heartfelt Commitment to Your Mate,Books,31.05,0.0,3,0,In stock,https://books.toscrape.com/the-five-love-languages-how-to-express-heartfelt-commitment-to-your-mate_969/index.html
BOOK-0033,The Elephant Tree,Books,23.82,0.0,5,0,In stock,https://books.toscrape.com/the-elephant-tree_968/index.html
BOOK-0034,The Bear and the Piano,Books,36.89,0.0,1,0,In stock,https://books.toscrape.com/the-bear-and-the-piano_967/index.html
BOOK-0035,Sophie's World,Books,15.94,0.0,5,0,In stock,https://books.toscrape.com/sophies-world_966/index.html
BOOK-0036,Penny Maybe,Books,33.29,0.0,3,0,In stock,https://books.toscrape.com/penny-maybe_965/index.html
BOOK-0037,Maude (1883-1993):She Grew Up with the country,Books,18.02,0.0,2,0,In stock,https://books.toscrape.com/maude-1883-1993she-grew-up-with-the-country_964/index.html
BOOK-0038,"In a Dark, Dark Wood",Books,19.63,0.0,1,0,In stock,https://books.toscrape.com/in-a-dark-dark-wood_963/index.html
BOOK-0039,Behind Closed Doors,Books,52.22,0.0,4,0,In stock,https://books.toscrape.com/behind-closed-doors_962/index.html
BOOK-0040,You can't bury them all: Poems,Books,33.63,0.0,2,0,In stock,https://books.toscrape.com/you-cant-bury-them-all-poems_961/index.html
BOOK-0041,Slow States of Collapse: Poems,Books,57.31,0.0,3,0,In stock,https://books.toscrape.com/slow-states-of-collapse-poems_960/index.html
BOOK-0042,Reasons to Stay Alive,Books,26.41,0.0,2,0,In stock,https://books.toscrape.com/reasons-to-stay-alive_959/index.html
BOOK-0043,Private Paris (Private #10),Books,47.61,0.0,5,0,In stock,https://books.toscrape.com/private-paris-private-10_958/index.html
BOOK-0044,#HigherSelfie: Wake Up Your Life. Free Your Soul. Find Your Tribe.,Books,23.11,0.0,5,0,In stock,https://books.toscrape.com/higherselfie-wake-up-your-life-free-your-soul-find-your-tribe_957/index.html
BOOK-0045,Without Borders (Wanderlove #1),Books,45.07,0.0,2,0,In stock,https://books.toscrape.com/without-borders-wanderlove-1_956/index.html
BOOK-0046,When We Collided,Books,31.77,0.0,1,0,In stock,https://books.toscrape.com/when-we-collided_955/index.html
BOOK-0047,"We Love You, Charlie Freeman",Books,50.27,0.0,5,0,In stock,https://books.toscrape.com/we-love-you-charlie-freeman_954/index.html
BOOK-0048,Untitled Collection: Sabbath Poems 2014,Books,14.27,0.0,4,0,In stock,https://books.toscrape.com/untitled-collection-sabbath-poems-2014_953/index.html
BOOK-0049,"Unseen City: The Majesty of Pigeons, the Discreet Charm of Snails & Other Wonders of the Urban Wilderness",Books,44.18,0.0,4,0,In stock,https://books.toscrape.com/unseen-city-the-majesty-of-pigeons-the-discreet-charm-of-snails-other-wonders-of-the-urban-wilderness_952/index.html
BOOK-0050,Unicorn Tracks,Books,18.78,0.0,3,0,In stock,https://books.toscrape.com/unicorn-tracks_951/index.html
BOOK-0051,"Unbound: How Eight Technologies Made Us Human, Transformed Society, and Brought Our World to the Brink",Books,25.52,0.0,1,0,In stock,https://books.toscrape.com/unbound-how-eight-technologies-made-us-human-transformed-society-and-brought-our-world-to-the-brink_950/index.html
BOOK-0052,Tsubasa: WoRLD CHRoNiCLE 2 (Tsubasa WoRLD CHRoNiCLE #2),Books,16.28,0.0,1,0,In stock,https://books.toscrape.com/tsubasa-world-chronicle-2-tsubasa-world-chronicle-2_949/index.html
BOOK-0053,Throwing Rocks at the Google Bus: How Growth Became the Enemy of Prosperity,Books,31.12,0.0,3,0,In stock,https://books.toscrape.com/throwing-rocks-at-the-google-bus-how-growth-became-the-enemy-of-prosperity_948/index.html
BOOK-0054,This One Summer,Books,19.49,0.0,4,0,In stock,https://books.toscrape.com/this-one-summer_947/index.html
BOOK-0055,Thirst,Books,17.27,0.0,5,0,In stock,https://books.toscrape.com/thirst_946/index.html
BOOK-0056,The Torch Is Passed: A Harding Family Story,Books,19.09,0.0,1,0,In stock,https://books.toscrape.com/the-torch-is-passed-a-harding-family-story_945/index.html
BOOK-0057,The Secret of Dreadwillow Carse,Books,56.13,0.0,1,0,In stock,https://books.toscrape.com/the-secret-of-dreadwillow-carse_944/index.html
BOOK-0058,"The Pioneer Woman Cooks: Dinnertime: Comfort Classics, Freezer Food, 16-Minute Meals, and Other Delicious Ways to Solve Supper!",Books,56.41,0.0,1,0,In stock,https://books.toscrape.com/the-pioneer-woman-cooks-dinnertime-comfort-classics-freezer-food-16-minute-meals-and-other-delicious-ways-to-solve-supper_943/index.html
BOOK-0059,The Past Never Ends,Books,56.5,0.0,4,0,In stock,https://books.toscrape.com/the-past-never-ends_942/index.html
BOOK-0060,The Natural History of Us (The Fine Art of Pretending #2),Books,45.22,0.0,3,0,In stock,https://books.toscrape.com/the-natural-history-of-us-the-fine-art-of-pretending-2_941/index.html
BOOK-0061,The Nameless City (The Nameless City #1),Books,38.16,0.0,4,0,In stock,https://books.toscrape.com/the-nameless-city-the-nameless-city-1_940/index.html
BOOK-0062,The Murder That Never Was (Forensic Instincts #5),Books,54.11,0.0,3,0,In stock,https://books.toscrape.com/the-murder-that-never-was-forensic-instincts-5_939/index.html
BOOK-0063,The Most Perfect Thing: Inside (and Outside) a Bird's Egg,Books,42.96,0.0,4,0,In stock,https://books.toscrape.com/the-most-perfect-thing-inside-and-outside-a-birds-egg_938/index.html
BOOK-0064,"The Mindfulness and Acceptance Workbook for Anxiety: A Guide to Breaking Free from Anxiety, Phobias, and Worry Using Acceptance and Commitment Therapy",Books,23.89,0.0,4,0,In stock,https://books.toscrape.com/the-mindfulness-and-acceptance-workbook-for-anxiety-a-guide-to-breaking-free-from-anxiety-phobias-and-worry-using-acceptance-and-commitment-therapy_937/index.html
BOOK-0065,The Life-Changing Magic of Tidying Up: The Japanese Art of Decluttering and Organizing,Books,16.77,0.0,3,0,In stock,https://books.toscrape.com/the-life-changing-magic-of-tidying-up-the-japanese-art-of-decluttering-and-organizing_936/index.html
BOOK-0066,"The Inefficiency Assassin: Time Management Tactics for Working Smarter, Not Longer",Books,20.59,0.0,5,0,In stock,https://books.toscrape.com/the-inefficiency-assassin-time-management-tactics-for-working-smarter-not-longer_935/index.html
BOOK-0067,The Gutsy Girl: Escapades for Your Life of Epic Adventure,Books,37.13,0.0,1,0,In stock,https://books.toscrape.com/the-gutsy-girl-escapades-for-your-life-of-epic-adventure_934/index.html
BOOK-0068,The Electric Pencil: Drawings from Inside State Hospital No. 3,Books,56.06,0.0,1,0,In stock,https://books.toscrape.com/the-electric-pencil-drawings-from-inside-state-hospital-no-3_933/index.html
BOOK-0069,The Death of Humanity: and the Case for Life,Books,58.11,0.0,4,0,In stock,https://books.toscrape.com/the-death-of-humanity-and-the-case-for-life_932/index.html
BOOK-0070,"The Bulletproof Diet: Lose up to a Pound a Day, Reclaim Energy and Focus, Upgrade Your Life",Books,49.05,0.0,3,0,In stock,https://books.toscrape.com/the-bulletproof-diet-lose-up-to-a-pound-a-day-reclaim-energy-and-focus-upgrade-your-life_931/index.html
BOOK-0071,The Art Forger,Books,40.76,0.0,3,0,In stock,https://books.toscrape.com/the-art-forger_930/index.html
BOOK-0072,The Age of Genius: The Seventeenth Century and the Birth of the Modern Mind,Books,19.73,0.0,1,0,In stock,https://books.toscrape.com/the-age-of-genius-the-seventeenth-century-and-the-birth-of-the-modern-mind_929/index.html
BOOK-0073,The Activist's Tao Te Ching: Ancient Advice for a Modern Revolution,Books,32.24,0.0,5,0,In stock,https://books.toscrape.com/the-activists-tao-te-ching-ancient-advice-for-a-modern-revolution_928/index.html
BOOK-0074,Spark Joy: An Illustrated Master Class on the Art of Organizing and Tidying Up,Books,41.83,0.0,4,0,In stock,https://books.toscrape.com/spark-joy-an-illustrated-master-class-on-the-art-of-organizing-and-tidying-up_927/index.html
BOOK-0075,Soul Reader,Books,39.58,0.0,2,0,In stock,https://books.toscrape.com/soul-reader_926/index.html
BOOK-0076,Security,Books,39.25,0.0,2,0,In stock,https://books.toscrape.com/security_925/index.html
BOOK-0077,"Saga, Volume 6 (Saga (Collected Editions) #6)",Books,25.02,0.0,3,0,In stock,https://books.toscrape.com/saga-volume-6-saga-collected-editions-6_924/index.html
BOOK-0078,"Saga, Volume 5 (Saga (Collected Editions) #5)",Books,51.04,0.0,2,0,In stock,https://books.toscrape.com/saga-volume-5-saga-collected-editions-5_923/index.html
BOOK-0079,Reskilling America: Learning to Labor in the Twenty-First Century,Books,19.83,0.0,2,0,In stock,https://books.toscrape.com/reskilling-america-learning-to-labor-in-the-twenty-first-century_922/index.html
BOOK-0080,"Rat Queens, Vol. 3: Demons (Rat Queens (Collected Editions) #11-15)",Books,50.4,0.0,3,0,In stock,https://books.toscrape.com/rat-queens-vol-3-demons-rat-queens-collected-editions-11-15_921/index.html
BOOK-0081,"Princess Jellyfish 2-in-1 Omnibus, Vol. 01 (Princess Jellyfish 2-in-1 Omnibus #1)",Books,13.61,0.0,5,0,In stock,https://books.toscrape.com/princess-jellyfish-2-in-1-omnibus-vol-01-princess-jellyfish-2-in-1-omnibus-1_920/index.html
BOOK-0082,Princess Between Worlds (Wide-Awake Princess #5),Books,13.34,0.0,5,0,In stock,https://books.toscrape.com/princess-between-worlds-wide-awake-princess-5_919/index.html
BOOK-0083,"Pop Gun War, Volume 1: Gift",Books,18.97,0.0,1,0,In stock,https://books.toscrape.com/pop-gun-war-volume-1-gift_918/index.html
BOOK-0084,"Political Suicide: Missteps, Peccadilloes, Bad Calls, Backroom Hijinx, Sordid Pasts, Rotten Breaks, and Just Plain Dumb Mistakes in the Annals of American Politics",Books,36.28,0.0,2,0,In stock,https://books.toscrape.com/political-suicide-missteps-peccadilloes-bad-calls-backroom-hijinx-sordid-pasts-rotten-breaks-and-just-plain-dumb-mistakes-in-the-annals-of-american-politics_917/index.html
BOOK-0085,Patience,Books,10.16,0.0,3,0,In stock,https://books.toscrape.com/patience_916/index.html
BOOK-0086,"Outcast, Vol. 1: A Darkness Surrounds Him (Outcast #1)",Books,15.44,0.0,4,0,In stock,https://books.toscrape.com/outcast-vol-1-a-darkness-surrounds-him-outcast-1_915/index.html
BOOK-0087,orange: The Complete Collection 1 (orange: The Complete Collection #1),Books,48.41,0.0,1,0,In stock,https://books.toscrape.com/orange-the-complete-collection-1-orange-the-complete-collection-1_914/index.html
BOOK-0088,Online Marketing for Busy Authors: A Step-By-Step Guide,Books,46.35,0.0,1,0,In stock,https://books.toscrape.com/online-marketing-for-busy-authors-a-step-by-step-guide_913/index.html
BOOK-0089,On a Midnight Clear,Books,14.07,0.0,3,0,In stock,https://books.toscrape.com/on-a-midnight-clear_912/index.html
BOOK-0090,Obsidian (Lux #1),Books,14.86,0.0,2,0,In stock,https://books.toscrape.com/obsidian-lux-1_911/index.html
BOOK-0091,My Paris Kitchen: Recipes and Stories,Books,33.37,0.0,2,0,In stock,https://books.toscrape.com/my-paris-kitchen-recipes-and-stories_910/index.html
BOOK-0092,Masks and Shadows,Books,56.4,0.0,2,0,In stock,https://books.toscrape.com/masks-and-shadows_909/index.html
BOOK-0093,"Mama Tried: Traditional Italian Cooking for the Screwed, Crude, Vegan, and Tattooed",Books,14.02,0.0,4,0,In stock,https://books.toscrape.com/mama-tried-traditional-italian-cooking-for-the-screwed-crude-vegan-and-tattooed_908/index.html
BOOK-0094,"Lumberjanes, Vol. 2: Friendship to the Max (Lumberjanes #5-8)",Books,46.91,0.0,2,0,In stock,https://books.toscrape.com/lumberjanes-vol-2-friendship-to-the-max-lumberjanes-5-8_907/index.html
BOOK-0095,"Lumberjanes, Vol. 1: Beware the Kitten Holy (Lumberjanes #1-4)",Books,45.61,0.0,3,0,In stock,https://books.toscrape.com/lumberjanes-vol-1-beware-the-kitten-holy-lumberjanes-1-4_906/index.html
BOOK-0096,Lumberjanes Vol. 3: A Terrible Plan (Lumberjanes #9-12),Books,19.92,0.0,2,0,In stock,https://books.toscrape.com/lumberjanes-vol-3-a-terrible-plan-lumberjanes-9-12_905/index.html
BOOK-0097,"Layered: Baking, Building, and Styling Spectacular Cakes",Books,40.11,0.0,1,0,In stock,https://books.toscrape.com/layered-baking-building-and-styling-spectacular-cakes_904/index.html
BOOK-0098,Judo: Seven Steps to Black Belt (an Introductory Guide for Beginners),Books,53.9,0.0,2,0,In stock,https://books.toscrape.com/judo-seven-steps-to-black-belt-an-introductory-guide-for-beginners_903/index.html
BOOK-0099,Join,Books,35.67,0.0,5,0,In stock,https://books.toscrape.com/join_902/index.html
BOOK-0100,In the Country We Love: My Family Divided,Books,22.0,0.0,4,0,In stock,https://books.toscrape.com/in-the-country-we-love-my-family-divided_901/index.html
